{"cameraMode":{"drawMode":0,"name":"Shaded","section":"Shading Mode"},"sceneLighting":false,"audioPlay":false,"sceneViewState":{"m_AlwaysRefresh":false,"showFog":true,"showSkybox":true,"showFlares":true,"showImageEffects":true,"showParticleSystems":true,"showVisualEffectGraphs":true,"m_FxEnabled":true},"in2DMode":false,"pivot":{"x":154.10877990722657,"y":-13.636741638183594,"z":57.435333251953128},"rotation":{"x":0.06928160786628723,"y":0.9285414814949036,"z":-0.2228080779314041,"w":0.2887624204158783},"size":23.680198669433595,"orthographic":false}